﻿pos_x,pos_y,rotation,side,designator,mpn,pack,footprint,value,mount_type
78.5,-72.25,0.0,top,C1A1,,,C_0805_2012Metric_Pad1.18x1.45mm_HandSolder,10uF,smt
78.5,-74.75,0.0,top,C1B1,,,C_0805_2012Metric_Pad1.18x1.45mm_HandSolder,10uF,smt
78.5,-77.25,0.0,top,C1C1,,,C_0805_2012Metric_Pad1.18x1.45mm_HandSolder,0.1uF,smt
87.0,-72.25,180.0,top,C2A1,,,C_1206_3216Metric_Pad1.33x1.80mm_HandSolder,22uF,smt
87.0,-74.75,180.0,top,C2B1,,,C_1206_3216Metric_Pad1.33x1.80mm_HandSolder,22uF,smt
82.0,-67.75,90.0,top,C3,,,C_0805_2012Metric_Pad1.18x1.45mm_HandSolder,0.1uF,smt
78.5,-62.75,90.0,top,C4,,,C_0805_2012Metric_Pad1.18x1.45mm_HandSolder,22nF,smt
73.5875,-62.75,90.0,top,C5,,,C_0805_2012Metric_Pad1.18x1.45mm_HandSolder,470pF,smt
85.025,-59.25,0.0,top,D1,,,LED_0805_2012Metric_Pad1.15x1.40mm_HandSolder,LED,smt
83.3,-84.25,0.0,top,F1,MF-MSMF050-2,,FUSC4632X85N,MF-MSMF050-2,smt
78.5,-69.0,90.0,top,IC1,MP2338GTL-P,,SOTFL50P160X60-8N,MP2338GTL-P,smt
126.92,-84.75,90.0,top,J1,,,PinHeader_1x08_P2.54mm_Vertical,Conn_01x08_Pin,tht
77.0,-92.75,0.0,top,J2,,,USB_C_Receptacle_GCT_USB4105-xx-A_16P_TopMnt_Horizontal,USB_C_Receptacle_USB2.0_16P,smt
141.875,-89.0,-90.0,top,J3,,,PinHeader_1x08_P2.54mm_Vertical,Conn_01x08_Pin,tht
88.0,-66.25,0.0,top,L1,MPL-AL6060-6R8,,MPLAL60606R8,6.8uH,smt
92.5,-88.5625,-90.0,top,Q1,,,SOT-23,AO3400A,smt
114.1875,-91.5,180.0,top,Q2,,,SOT-23,AO3400A,smt
100.0,-88.8125,-90.0,top,Q3,,,SOT-23,AO3400A,smt
71.0875,-62.75,90.0,top,R1,,,R_0805_2012Metric_Pad1.20x1.40mm_HandSolder,51k,smt
93.25,-84.5,-90.0,top,R10,,,R_0805_2012Metric_Pad1.20x1.40mm_HandSolder,100,smt
96.75,-85.25,0.0,top,R11,,,R_0805_2012Metric_Pad1.20x1.40mm_HandSolder,10k,smt
118.75,-92.75,180.0,top,R12,,,R_0805_2012Metric_Pad1.20x1.40mm_HandSolder,100,smt
118.75,-90.25,180.0,top,R13,,,R_0805_2012Metric_Pad1.20x1.40mm_HandSolder,10k,smt
102.0,-83.0,180.0,top,R14,,,R_0805_2012Metric_Pad1.20x1.40mm_HandSolder,10k,smt
102.0,-85.25,180.0,top,R15,,,R_0805_2012Metric_Pad1.20x1.40mm_HandSolder,100,smt
76.0875,-62.75,-90.0,top,R2,,,R_0805_2012Metric_Pad1.20x1.40mm_HandSolder,9.09k,smt
73.5,-77.25,180.0,top,R3,,,R_0805_2012Metric,191k,smt
74.9125,-58.25,0.0,top,R4,,,R_0805_2012Metric,49.9k,smt
74.25,-70.5,90.0,top,R5,,,R_0805_2012Metric,100k,smt
74.0,-66.25,180.0,top,R6,,,R_0805_2012Metric_Pad1.20x1.40mm_HandSolder,10k,smt
76.25,-85.75,90.0,top,R7,,,R_0603_1608Metric_Pad0.98x0.95mm_HandSolder,5.1k,smt
78.0,-85.75,90.0,top,R8,,,R_0603_1608Metric_Pad0.98x0.95mm_HandSolder,5.1k,smt
108.5,-86.5,90.0,top,R9,,,R_2816_7142Metric_Pad3.20x4.45mm_HandSolder,0.68,smt
127.5761,-66.1125,-90.0,top,U1,,None,XCVR_ESP32-C3-DEVKITM-1,ESP32-C3-DEVKITM-1,tht
