﻿Designator,Quantity,Value,Footprint,Package,MPN,DNP,Mount_Type,Description,Mouser Part Number,Mouser Price/Stock,Manufacturer_Name,Height,MF,Description_1,Price,Check_prices,STANDARD,SnapEDA_Link,MP,Availability,MANUFACTURER
"B7, B8, B9, W1, W2, W3, W4, W5, W6",9,~,SolderWirePad_1x01_SMD_1x2mm,,,,tht,test point,,,,,,,,,,,,,
"C1A1, C1B1",2,10uF,C_0805_2012Metric_Pad1.18x1.45mm_HandSolder,,,,smt,Unpolarized capacitor,,,,,,,,,,,,,
"C1C1, C3",2,0.1uF,C_0805_2012Metric_Pad1.18x1.45mm_HandSolder,,,,smt,Unpolarized capacitor,,,,,,,,,,,,,
"C2A1, C2B1",2,22uF,C_1206_3216Metric_Pad1.33x1.80mm_HandSolder,,,,smt,Unpolarized capacitor,,,,,,,,,,,,,
C4,1,22nF,C_0805_2012Metric_Pad1.18x1.45mm_HandSolder,,,,smt,Unpolarized capacitor,,,,,,,,,,,,,
C5,1,470pF,C_0805_2012Metric_Pad1.18x1.45mm_HandSolder,,,,smt,Unpolarized capacitor,,,,,,,,,,,,,
D1,1,LED,LED_0805_2012Metric_Pad1.15x1.40mm_HandSolder,,,,smt,Light emitting diode,,,,,,,,,,,,,
F1,1,MF-MSMF050-2,FUSC4632X85N,,MF-MSMF050-2,,smt,"Fuse, PTC, Resettable, SMD, 1812, 500mA Bourns 0.5A Surface Mount Resettable Fuse, 15 V",652-MF-MSMF050-2,https://www.mouser.co.uk/ProductDetail/Bourns/MF-MSMF050-2?qs=t3shhpq1i1DZ7OBD5kLNoA%3D%3D,Bourns,,,,,,,,,,
IC1,1,MP2338GTL-P,SOTFL50P160X60-8N,,MP2338GTL-P,,smt,"Switching Voltage Regulators High-Efficiency,28V,3A,430kHz Synchronous Buck with PG and ext.SS In SOT583 Package",946-MP2338GTL-P,https://www.mouser.co.uk/ProductDetail/Monolithic-Power-Systems-MPS/MP2338GTL-P?qs=Li%252BoUPsLEnuzkouOjBAPOg%3D%3D,Monolithic Power Systems (MPS),0.6,,,,,,,,,
"J1, J3",2,Conn_01x08_Pin,PinHeader_1x08_P2.54mm_Vertical,,,,tht,"Generic connector, single row, 01x08, script generated",,,,,,,,,,,,,
J2,1,USB_C_Receptacle_USB2.0_16P,USB_C_Receptacle_GCT_USB4105-xx-A_16P_TopMnt_Horizontal,,,,smt,USB 2.0-only 16P Type-C Receptacle connector,,,,,,,,,,,,,
L1,1,6.8uH,MPLAL60606R8,,MPL-AL6060-6R8,,smt,"Power Inductors - SMD Low Resistance Series, size dimension: 6060, Inductance value: 6.8uH",946-MPL-AL6060-6R8,https://www.mouser.co.uk/ProductDetail/Monolithic-Power-Systems-MPS/MPL-AL6060-6R8?qs=sPbYRqrBIVl6dByAujyUxw%3D%3D,Monolithic Power Systems (MPS),6,,,,,,,,,
"Q1, Q2, Q3",3,AO3400A,SOT-23,,,,smt,"30V Vds, 5.7A Id, N-Channel MOSFET, SOT-23",,,,,,,,,,,,,
R1,1,51k,R_0805_2012Metric_Pad1.20x1.40mm_HandSolder,,,,smt,Resistor,,,,,,,,,,,,,
"R10, R12, R15",3,100,R_0805_2012Metric_Pad1.20x1.40mm_HandSolder,,,,smt,Resistor,,,,,,,,,,,,,
"R11, R13, R14, R6",4,10k,R_0805_2012Metric_Pad1.20x1.40mm_HandSolder,,,,smt,Resistor,,,,,,,,,,,,,
R2,1,9.09k,R_0805_2012Metric_Pad1.20x1.40mm_HandSolder,,,,smt,Resistor,,,,,,,,,,,,,
R3,1,191k,R_0805_2012Metric,,,,smt,Resistor,,,,,,,,,,,,,
R4,1,49.9k,R_0805_2012Metric,,,,smt,Resistor,,,,,,,,,,,,,
R5,1,100k,R_0805_2012Metric,,,,smt,Resistor,,,,,,,,,,,,,
"R7, R8",2,5.1k,R_0603_1608Metric_Pad0.98x0.95mm_HandSolder,,,,smt,Resistor,,,,,,,,,,,,,
R9,1,0.68,R_2816_7142Metric_Pad3.20x4.45mm_HandSolder,,,,smt,Resistor,,,,,,,,,,,,,
TP1,1,OUT 3V3,TestPoint_Pad_D1.5mm,,,,tht,test point,,,,,,,,,,,,,
TP2,1,gnd,TestPoint_Pad_D1.5mm,,,,tht,test point,,,,,,,,,,,,,
U1,1,ESP32-C3-DEVKITM-1,XCVR_ESP32-C3-DEVKITM-1,None,,,tht,,,,,,Espressif Systems,"
                        
                            WiFi Development Tools (802.11) (ENGINEERING SAMPLE ONLY) ESP32-C3 General-Purpose Dev Board, Embeds ESP32-C3-MINI-1, 4 MB Flash, w/ Pin Header
                        
",None,https://www.snapeda.com/parts/ESP32-C3-DEVKITM-1/Espressif+Systems/view-part/?ref=eda,Manufacturer Recommendations,https://www.snapeda.com/parts/ESP32-C3-DEVKITM-1/Espressif+Systems/view-part/?ref=snap,ESP32-C3-DEVKITM-1,In Stock,Espressif
WG1,1,3V3 LEDG,SolderWirePad_1x01_SMD_1x2mm,,,,tht,test point,,,,,,,,,,,,,
WG2,1,GND LEDG,SolderWirePad_1x01_SMD_1x2mm,,,,tht,test point,,,,,,,,,,,,,
WO1,1,3V3 LEDO,SolderWirePad_1x01_SMD_1x2mm,,,,tht,test point,,,,,,,,,,,,,
WO2,1,GND LED3,SolderWirePad_1x01_SMD_1x2mm,,,,tht,test point,,,,,,,,,,,,,
WR1,1,3V3 LEDR,SolderWirePad_1x01_SMD_1x2mm,,,,tht,test point,,,,,,,,,,,,,
WR2,1,GND LEDR,SolderWirePad_1x01_SMD_1x2mm,,,,tht,test point,,,,,,,,,,,,,
